TP,TN,FP,FN,Precision,Recall,F1 Score,Avg Prompt Tokens,Avg Completion Tokens,Avg Total Tokens,Avg Latency,Folder,Model,Difficulty,FT_or_Baseline,,,,,,,,,,,,
24,0,226,76,0.096,0.24,0.137142857,95.64,73.16,168.8,1.44301907,test0_11_09_2024,03-May,easy,baseline,,TP,TN,FP,FN,Precision,Recall,F1 Score,Avg Prompt Tokens,Avg Completion Tokens,Avg Total Tokens,Avg Latency
21,0,229,79,0.084,0.21,0.12,95.64,82.54,178.18,1.524606748,test1_13_03_2025,03-May,easy,baseline,,23,0,226.75,152,0.092088353,0.1595,0.111329802,95.64,75.735,171.375,1.333292965
25,0,225,225,0.1,0.1,0.1,95.64,71.22,166.86,1.170559126,test2_18_3_2025,03-May,easy,baseline,,,,,,,,,,,,
22,0,227,228,0.088353414,0.088,0.088176353,95.64,76.02,171.66,1.194986918,test3_19_03_2025,03-May,easy,baseline,,,,,,,,,,,,
96,127,27,4,0.780487805,0.96,0.860986547,95.64,55.82,151.46,2.731136846,test0_11_09_2024,03-May,easy,ft,,117.75,95.25,37,19.75,0.774560976,0.912,0.836192825,95.64,56.755,152.395,1.942068574
99,127,24,1,0.804878049,0.99,0.887892377,95.64,57.4,153.04,2.389401992,test1_13_03_2025,03-May,easy,ft,,,,,,,,,,,,
99,127,24,1,0.804878049,0.99,0.887892377,95.64,60.56,156.2,1.328478228,test2_18_3_2025,03-May,easy,ft,,,,,,,,,,,,
177,0,73,73,0.708,0.708,0.708,95.64,53.24,148.88,1.31925723,test3_19_03_2025,03-May,easy,ft,,,,,,,,,,,,
18,63,127,82,0.124137931,0.18,0.146938776,94,129.86,223.86,1.566859032,test0_11_09_2024,4omini,easy,baseline,,21,41.25,137.75,116.5,0.132045512,0.18,0.1479483,94,127.72,221.72,2.17374195
23,48,147,77,0.135294118,0.23,0.17037037,94,125.46,219.46,2.147515898,test1_13_03_2025,4omini,easy,baseline,,,,,,,,,,,,
23,54,137,77,0.14375,0.23,0.176923077,94,126.4,220.4,2.200944824,test2_18_3_2025,4omini,easy,baseline,,,,,,,,,,,,
20,0,140,230,0.125,0.08,0.097560976,94,129.16,223.16,2.779648046,test3_19_03_2025,4omini,easy,baseline,,,,,,,,,,,,
100,150,0,0,1,1,1,94,44.28,138.28,1.780295736,test0_11_09_2024,4omini,easy,ft,,125,112.5,12.5,12.5,0.95,0.95,0.95,94,45.03,139.03,2.635505932
100,150,0,0,1,1,1,94,45.28,139.28,4.485396178,test1_13_03_2025,4omini,easy,ft,,,,,,,,,,,,
100,150,0,0,1,1,1,94,45.28,139.28,1.778533926,test2_18_3_2025,4omini,easy,ft,,,,,,,,,,,,
200,0,50,50,0.8,0.8,0.8,94,45.28,139.28,2.49779789,test3_19_03_2025,4omini,easy,ft,,,,,,,,,,,,
29,1,208,218,0.122362869,0.117408907,0.119834711,125.86,124.74,250.6,2.267097824,test0_11_09_2024,03-May,hard,baseline,,27,0.25,207.25,220.75,0.115255878,0.108995951,0.112033946,125.86,123.855,249.715,2.026109148
26,0,203,221,0.113537118,0.105263158,0.109243697,125.86,125.18,251.04,1.617509608,test1_13_03_2025,03-May,hard,baseline,,,,,,,,,,,,
27,0,206,220,0.115879828,0.109311741,0.1125,125.86,120.72,246.58,2.457487846,test2_18_3_2025,03-May,hard,baseline,,,,,,,,,,,,
26,0,212,224,0.109243697,0.104,0.106557377,125.86,124.78,250.64,1.762341314,test3_19_03_2025,03-May,hard,baseline,,,,,,,,,,,,
176,2,46,71,0.792792793,0.712550607,0.750533049,125.86,86.44,212.3,1.277072882,test0_11_09_2024,03-May,hard,ft,,158.5,1.5,69.25,89.25,0.704408867,0.640352227,0.670548786,125.86,87.19,213.05,1.510350164
175,2,45,72,0.795454545,0.708502024,0.749464668,125.86,87.04,212.9,1.54030399,test1_13_03_2025,03-May,hard,ft,,,,,,,,,,,,
172,2,47,75,0.785388128,0.696356275,0.738197425,125.86,87.42,213.28,1.5361218,test2_18_3_2025,03-May,hard,ft,,,,,,,,,,,,
111,0,139,139,0.444,0.444,0.444,125.86,87.86,213.72,1.687901982,test3_19_03_2025,03-May,hard,ft,,,,,,,,,,,,
20,0,179,227,0.100502513,0.08097166,0.089686099,124.24,153.4,277.64,1.908793182,test0_11_09_2024,4omini,hard,baseline,,19.75,0.5,174.75,228,0.101499255,0.079704453,0.089283667,124.24,157.635,281.875,2.795541291
20,1,175,227,0.102564103,0.08097166,0.090497738,124.24,146.62,270.86,2.746845278,test1_13_03_2025,4omini,hard,baseline,,,,,,,,,,,,
18,1,171,229,0.095238095,0.072874494,0.082568807,124.24,172.18,296.42,3.007430118,test2_18_3_2025,4omini,hard,baseline,,,,,,,,,,,,
21,0,174,229,0.107692308,0.084,0.094382022,124.24,158.34,282.58,3.519096586,test3_19_03_2025,4omini,hard,baseline,,,,,,,,,,,,
174,2,45,73,0.794520548,0.704453441,0.746781116,124.24,86.68,210.92,1.541071326,test0_11_09_2024,4omini,hard,ft,,157.75,1.5,68.5,90,0.706272339,0.637303644,0.669663021,124.24,87.475,211.715,2.874367917
172,2,46,75,0.788990826,0.696356275,0.739784946,124.24,87.72,211.96,3.402515542,test1_13_03_2025,4omini,hard,ft,,,,,,,,,,,,
173,2,45,74,0.793577982,0.700404858,0.744086022,124.24,87.96,212.2,3.520558808,test2_18_3_2025,4omini,hard,ft,,,,,,,,,,,,
112,0,138,138,0.448,0.448,0.448,124.24,87.54,211.78,3.03332599,test3_19_03_2025,4omini,hard,ft,,,,,,,,,,,,
5,2,242,144,0.020242915,0.033557047,0.025252525,103.88,96.66,200.54,1.858506116,test0_11_09_2024,03-May,medium,baseline,,6,1.75,241.5,168.25,0.024260038,0.036879195,0.029012501,103.88,97.055,200.935,1.560571148
7,1,241,142,0.028225806,0.046979866,0.035264484,103.88,101.48,205.36,1.35308422,test1_13_03_2025,03-May,medium,baseline,,,,,,,,,,,,
7,4,238,142,0.028571429,0.046979866,0.035532995,103.88,93.76,197.64,1.554284742,test2_18_3_2025,03-May,medium,baseline,,,,,,,,,,,,
5,0,245,245,0.02,0.02,0.02,103.88,96.32,200.2,1.476409512,test3_19_03_2025,03-May,medium,baseline,,,,,,,,,,,,
84,78,56,65,0.6,0.563758389,0.581314879,103.88,56.54,160.42,1.028031558,test0_11_09_2024,03-May,medium,ft,,97.25,58.5,70,77,0.591969168,0.563208054,0.57712327,103.88,57.24,161.12,1.271932783
81,77,58,68,0.582733813,0.543624161,0.5625,103.88,57.54,161.42,1.507053942,test1_13_03_2025,03-May,medium,ft,,,,,,,,,,,,
92,79,48,57,0.657142857,0.617449664,0.636678201,103.88,56.16,160.04,1.285368372,test2_18_3_2025,03-May,medium,ft,,,,,,,,,,,,
132,0,118,118,0.528,0.528,0.528,103.88,58.72,162.6,1.26727726,test3_19_03_2025,03-May,medium,ft,,,,,,,,,,,,
3,24,188,146,0.015706806,0.020134228,0.017647059,102.56,130.1,232.66,1.776089096,test0_11_09_2024,4omini,medium,baseline,,5.75,10.5,215.75,168.5,0.025493731,0.033845638,0.028810841,102.56,128.7,231.26,2.200317999
6,10,219,143,0.026666667,0.040268456,0.032085561,102.56,124.84,227.4,2.14744449,test1_13_03_2025,4omini,medium,baseline,,,,,,,,,,,,
7,8,223,142,0.030434783,0.046979866,0.036939314,102.56,129.16,231.72,2.131678932,test2_18_3_2025,4omini,medium,baseline,,,,,,,,,,,,
7,0,233,243,0.029166667,0.028,0.028571429,102.56,130.7,233.26,2.746059478,test3_19_03_2025,4omini,medium,baseline,,,,,,,,,,,,
84,100,60,65,0.583333333,0.563758389,0.57337884,102.56,54.22,156.78,1.728990678,test0_11_09_2024,4omini,medium,ft,,99,75.5,70.5,75.25,0.580310494,0.562073826,0.570986184,102.56,55.105,157.665,2.384084161
81,101,60,68,0.574468085,0.543624161,0.55862069,102.56,55.32,157.88,2.723585292,test1_13_03_2025,4omini,medium,ft,,,,,,,,,,,,
80,101,63,69,0.559440559,0.536912752,0.547945205,102.56,55.42,157.98,2.242430268,test2_18_3_2025,4omini,medium,ft,,,,,,,,,,,,
151,0,99,99,0.604,0.604,0.604,102.56,55.46,158.02,2.841330408,test3_19_03_2025,4omini,medium,ft,,,,,,,,,,,,
